# Actual,Predicted
1.326070880623279491e+00,1.442134141921997070e+00
1.245470335057175415e+00,1.187037706375122070e+00
