# Actual,Predicted
1.326070880623279491e+00,1.694412946701049805e+00
1.245470335057175415e+00,1.300680994987487793e+00
